Id2,name,category,promote,description
1,National Security,,0,
2,drm,,0,
3,Testimony,,0,
4,books,,0,
5,DMCA,,0,
6,surveillance,,0,
7,publications,,0,
8,tcblog,,0,
9,briefs,,0,
10,PodCampWest,,0,
11,"Vol. 1, No. 4",,0,
12,"Vol. 1, No. 5",,0,
13,"Vol. 1, No. 6",,0,
14,"Vol. 1, No. 7",,0,
15,"Vol. 1, No. 8",,0,
16,"Vol. 1, No. 9",,0,
17,"Vol. 1, No. 10",,0,
18,IP reform,,0,
19,sony,,0,
20,economics,,0,
21,japanese,,0,
22,cc,,0,
23,law school,,0,
24,market,,0,
25,Past Fellows,,0,
26,"Vol. 1, No. 11",,0,
27,"Vol. 1, No. 12",,0,
28,"Vol. 1, No. 13",,0,
29,commons theory,,0,
30,Section 230,,0,
31,"Vol. 1, No. 1",,0,
32,"Vol. 1, No. 2",,0,
33,"Vol. 2, No. 1",,0,
34,"Vol. 2, No. 2",,0,
35,"Vol. 2, No. 3",,0,
36,"Vol. 2, No. 4",,0,
37,"Vol. 2, No. 5",,0,
38,"Vol. 1, No. 3",,0,
39,CLA,,0,
40,terrorism,,0,
41,academic copyright materials,,0,
42,anti-circumvention,,0,
43,Europe,,0,
44,culture,,0,
45,"Vol. 3, No. 1",,0,
46,"Vol. 3, No. 2",,0,
47,"Vol. 3, No. 3",,0,
48,"Vol. 3, No. 4",,0,
49,"Vol. 3, No. 5",,0,
50,"Vol. 3, No. 6",,0,
51,TWIL,,0,
52,adwords,,0,
53,Google,,0,
54,keywording,,0,
55,Trademarks,,0,
56,Packets,,0,"Packets provides the legal community with a concise description of recently decided cyberlaw- related cases, and where possible, to point to the original decisions.
"
57,Speakers Series,,0,"The Center brings a variety of speakers to the Stanford campus, on topics ranging from open source software to royalty collection in the digital age to intellectual property.
"
58,participatory culture,,0,
59,connecting the dots,,0,
60,web 2.0,,0,
61,YouTube,,0,
62,Revver,,0,
63,Chris Pirillo,,0,
64,podcasting,,0,
65,Creative Commons,,0,
66,attorney's fees,,0,
67,governmediality,,0,
68,empirical data,,0,
69,Hearsay Culture,,0,
70,radio,,0,
71,Media,,0,
72,Jesus Will Survive,,0,
73,Future of Ideas,,0,"Reviews of The Future of IDeas
"
74,Fourth Amendment,,0,
75,Codex,,0,
76,patent,,0,
77,muni wifi,,0,
78,project,,0,
79,Fair Use,Copyright and Fair Use,1,
80,FOIA,,0,
81,steve borsch,,0,
82,Federal Trade Commission,,0,
83,new media,,0,
84,Copyright,"Copyright and Fair Use, Intermediary Liability",1,
85,search,,0,
86,profiling,,0,
87,data mining,,0,
88,communications,,0,
89,Internet,,0,
90,software,,0,
91,kzsu,,0,
92,free press,,0,
93,vulnerability disclosure,,0,
94,domain names,,0,
95,Social Capital Markets & Marketplaces,,0,
96,TSA,,0,
97,regulations,,0,
98,deficit,,0,
99,Concord Coalition,,0,
100,Global Warming,,0,
101,Climate Change,,0,
102,GIS,,0,
103,Urban Threats,,0,
104,Resiliency,,0,
105,public opinion,,0,
106,Open Source,,0,
107,Geospatial,,0,
108,JAVA,,0,
109,XML,,0,
110,OpenGIS,,0,
111,OGC,,0,
112,FOIL,,0,
113,digital rights management,,0,
114,public data,,0,
115,electronic democracy,,0,
116,music,,0,
117,legal ethics,,0,
118,Microsoft,,0,
119,Gorbachev,,0,
120,piracy,,0,
121,detention camp,,0,
122,Russia,,0,
123,court cases,,0,
124,spyware,,0,
125,"Vol. 4, No. 1",,0,
126,Semantic Web,,0,
127,Deconstructing the Web,,0,
128,How the Web Works,,0,
129,tags,,0,
130,parser,,0,
131,apple,,0,
132,facebook,,0,
133,auction,,0,
134,television,,0,
135,copynorms,,0,
136,community,,0,
137,Security,,0,
138,litigation costs,,0,
139,jurisdiction,,0,
140,intrusion publication surveillance,,0,
141,myspace,,0,
142,CDA 230,,0,
143,licence,,0,
144,CFAA,,0,
145,trade dress,,0,
146,infringement,,0,
147,Lanham Act,,0,
148,Consumer Protection Act,,0,
149,Family Life,,0,
150,Attention Economy,,0,
151,Social Values,,0,
152,Personal Happiness,,0,
153,Global Values Survey,,0,
154,Intellectual Property,"Copyright and Fair Use, Intermediary Liability",1,
155,p2p,,0,
156,society,,0,
157,technology,,0,
158,Internet Radio,,0,
159,Google DMCA,,0,
160,wipo,,0,
161,Royalty Rates,,0,
162,nationalsecurityletters usapatriotact,,0,
163,Internet Archive,,0,
164,dmca anti-circumvention fairuse,,0,
165,Privacy,Privacy,1,
166,hollywood,,0,
167,Backdating,,0,
168,rules for the revolution,,0,
169,R4R,,0,
170,libel,,0,
171,internet libel,,0,
172,defamation,,0,
173,content blocking,,0,
174,Outfoxed,,0,
175,Fair(y) Use Tale,,0,
176,Wal-Mart,,0,
177,Iraq For Sale,,0,
178,file-sharing,,0,
179,april fool's,,0,
180,free software,,0,
181,virtual worlds,,0,
182,policy,,0,
183,blogosphere,,0,
184,civility,,0,
185,riaa copyright,,0,
186,RFID,,0,
187,copyright eff youtube dmca,,0,
188,Baseline privacy law,,0,
189,Yahoo,,0,
190,DoubleClick,,0,
191,Xanga,,0,
192,FTC,,0,
193,party,,0,
194,geeks shall inherit the world,,0,
195,computerhistory,,0,
196,security terrorism,,0,
197,internetlibel,,0,
198,special 301,,0,
199,Podcast,,0,
200,NPR,,0,
201,morning edition,,0,
202,www.npr.org,,0,
203,anonymity,,0,
204,computer search,,0,
205,hacking,,0,
206,spam,,0,
207,NYT.com,,0,
208,libel internetlibel,,0,
209,anonymous speech,,0,
210,access-right,,0,
211,iphone,,0,
212,filtering,,0,
213,investing,,0,
214,Patents,,0,
215,Outsider,,0,
216,Manufacturing Dissent,,0,
217,Praying Lior,,0,
218,Never Perfect,,0,
219,second life,,0,
220,Under Pressure Diary Cage Fighter's Wife,,0,
221,Moral Kombat,,0,
222,Maxed Out,,0,
223,§102(b),,0,
224,education,,0,
225,freedom to tinker,,0,
226,encryption,,0,
227,EU,,0,
228,cell phone tracking,,0,
229,Network Neutrality,Architecture and Public Policy,1,
230,patronage,,0,
231,political bosses,,0,
232,Democratic Party,,0,
233,corrupt judges,,0,
234,corrupting judges,,0,
235,women's issues,,0,
236,fathers' rights,,0,
237,Thomas,,0,
238,reporter's shield,,0,
239,blues,,0,
240,information costs,,0,
241,reconstruction,,0,
242,terms of service,,0,
243,contract termination,,0,
244,trademark,,0,
245,end-users,,0,
246,Communications Act,,0,
247,FISA,,0,
248,“Fourth Amendment”,,0,
249,seizure,,0,
250,warrant,,0,
251,Communications Decency Act,,0,
252,interactive computer services,,0,
253,First Amendment obligation,,0,
254,Ask.com,,0,
255,Yahoo!,,0,
256,Supreme Court,,0,
257,Copyright Law,,0,
258,infomercials,,0,
259,israel,,0,
260,Social Networking Sites,,0,
261,Land of Confusion,,0,
262,war,,0,
263,Iraq,,0,
264,Debate Team,,0,
265,Beyond Belief,,0,
266,GFDL,,0,
267,libel defamation internetlibel,,0,
268,Sustainability,,0,
269,Transparency,,0,
270,Conscious Consumerism,,0,
271,harry potter,,0,
272,S. 1455.  Post-Grant Review,,0,
273,j.k. Rowling,,0,
274,Warner Brothers,,0,
275,Anthony Falzone,,0,
276,Larry Lessig,,0,
277,death penalty,,0,
278,libel defamation internetlibel england,,0,
279,green,,0,
280,legal futures conference,,0,
281,information revolution,,0,
282,Privacy Act,,0,
283,information,,0,
284,Digital Identity,,0,
285,venture capital,,0,
286,eco,,0,
287,J.B. White On Advertising,,0,
288,Viacom,,0,
289,knol,,0,
290,Olympics,,0,
291,International Olympic Committee,,0,
292,Beijing 2008,,0,
293,RAM doctrine,,0,
294,MAI Systems v. Peak,,0,
295,money,,0,
296,banks,,0,
297,banking,,0,
298,credit,,0,
299,wall street,,0,
300,collapse,,0,
301,bailout,,0,
302,Google Image Search,,0,
303,Landgericht Hamburg,,0,
304,lenz,,0,
305,universal,,0,
306,prince,,0,
307,takedown notice,,0,
308,video clip,,0,
309,copyright misrepresentation,,0,
310,good faith belief,,0,
311,artistic license,,0,
312,free license,,0,
313,condition,,0,
314,covenant,,0,
315,copyright remedies,,0,
316,jacobsen,,0,
317,katzer,,0,
318,model railroad software,,0,
319,cda,,0,
320,ticket scalping,,0,
321,immunity,,0,
322,stubhub,,0,
323,hill,,0,
324,fehrs,,0,
325,service providers,,0,
326,emi,,0,
327,lennon,,0,
328,premise,,0,
329,common law,,0,
330,bridgeport,,0,
331,reproduction,,0,
332,transformative,,0,
333,lexicon,,0,
334,substantially similar,,0,
335,derivative,,0,
336,reference,,0,
337,jaynes,,0,
338,anti-spam,,0,
339,First Amendment,"Architecture and Public Policy, Copyright and Fair Use",0,
340,aol,,0,
341,criminal,,0,
342,fcc,,0,
343,Internet Policy,,0,
344,bit torrent,,0,
345,comcast,,0,
346,discriminate traffic,,0,
347,veoh,,0,
348,io,,0,
349,safe harbor,,0,
350,secondary liability,,0,
351,network management,,0,
352,broadband,,0,
353,Max Planck Institute,,0,
354,European Commission,,0,
355,copyright duration,,0,
356,Klamath,,0,
357,salmon,,0,
358,Oregon,,0,
359,Endangered Species Act,,0,
360,Yurok,,0,
361,wikipedia,,0,
362,digital music,,0,
363,antitrust,,0,
364,conspiracy,,0,
365,pleading standard,,0,
366,subpoena,,0,
367,customer information,,0,
368,customer details,,0,
369,circumvention device,,0,
370,Child Online Protection Act,,0,
371,pornography,,0,
372,speech,,0,
373,overbreadth,,0,
374,vagueness,,0,
375,law of the case,,0,
376,narrowly tailored,,0,
377,least restrictive means,,0,
378,Inwood,,0,
379,eBay,,0,
380,Tiffany,,0,
381,Lanham,,0,
382,contributory infringement,,0,
383,trade secret,,0,
384,computer,,0,
385,damages,,0,
386,misappropriation,,0,
387,CAN-SPAM,,0,
388,electronic mail advertising act,,0,
389,emaa,,0,
390,cspa,,0,
391,Cable Act,,0,
392,circumvention,,0,
393,device,,0,
394,interception,,0,
395,technical protection,,0,
396,Kernell,,0,
397,rubico,,0,
398,Palin,,0,
399,e-mail,,0,
400,email,,0,
401,Stored Communications Act,,0,
402,Computer Fraud and Abuse Act,,0,
403,peer-to-peer,,0,
404,Copyright Act,,0,
405,distribution,,0,
406,downloading,,0,
407,sharing,,0,
408,cablevision,,0,
409,sampling,,0,
410,Book Search,,0,
411,technical standards policy,,0,
412,icann,,0,
413,patent auctions,,0,
414,social devices,,0,
415,PET,,0,
416,National Security Letters,,0,
417,FBI,,0,
418,settlement,,0,
419,public domain,,0,
420,SexSearch.com,,0,
421,clickwrap,,0,
422,unconscionable,,0,
423,child,,0,
424,obscene,,0,
425,anime,,0,
426,drawings,,0,
427,pictures,,0,
428,forum selection,,0,
429,choice of law,,0,
430,web hosting,,0,
431,contract,,0,
432,E.S.S. Entertainment,,0,
433,Rock Star,,0,
434,Ninth Circuit,,0,
435,Grand Theft Auto,,0,
436,strip club,,0,
437,Rogers test,,0,
438,video game,,0,
439,personal jurisdiction,,0,
440,effects test,,0,
441,cyberstalking,,0,
442,substantial publication,,0,
443,512(c),,0,
444,by reason of,,0,
445,access,,0,
446,storage,,0,
447,neuroscience,,0,
448,robots,,0,
449,rim,,0,
450,230,,0,
451,mobile content providers,,0,
452,Tax return,,0,
453,confidentiality,,0,
454,fraud,,0,
455,breach of contract,,0,
456,negligence,,0,
457,invasion of privacy,,0,
458,Verizon,,0,
459,customer,,0,
460,port,,0,
461,phones,,0,
462,phone numbers,,0,
463,leaving,,0,
464,retention,,0,
465,rate plans,,0,
466,Marketing,,0,
467,offers,,0,
468,contributory,,0,
469,vicarious,,0,
470,copyright misuse,,0,
471,unfair competition,,0,
472,counterclaim,,0,
473,defense,,0,
474,copyright infringement,,0,
475,software license,,0,
476,operating system,,0,
477,Digital Millennium Copyright Act,,0,
478,Blizzard,,0,
479,Glider,,0,
480,World of War Craft,,0,
481,Michael Donnelly,,0,
482,Section 1201,,0,
483,populism,,0,
484,financial crisis,,0,
485,citizen journalism,,0,
486,Reed Elsevier v. Pogrebin,,0,
487,NYT v. Tasini,,0,
488,net neutrality,Architecture and Public Policy,0,
489,angie-you-can,,0,
490,google books agreement,,0,
491,newspapers,,0,
492,journalism,,0,
493,information society directive,,0,
494,yahoo search,,0,
495,yahoo! search,,0,
496,yahoo image search,,0,
497,creative commons license,,0,
498,South Africa,,0,
499,Dave Duarte,,0,
500,Tobias Schonwetter,,0,
501,Heather Ford,,0,
502,Lawrence Lessig,,0,
503,code,,0,
504,women,,0,
505,Social Networks,"Architecture and Public Policy, Copyright and Fair Use",0,
506,online behavioral advertising,,0,
507,paparazzi,,0,
508,newsworthiness,,0,
509,notice,,0,
510,isreal,,0,
511,privacy online,,0,
512,michael birnhack,,0,
513,niva elkin-koren,,0,
514,william patry,,0,
515,moral panics and the copyright wars,,0,
516,paris hilton,,0,
517,right of publicity,,0,
518,innovation,,0,
519,EFF,,0,
520,coders' rights project,,0,
521,speaking,,0,
522,conference,,0,
523,DMCA anti-circumvention hacking innovation,,0,
524,Bridgeport Music,,0,
525,Kraftwerk,,0,
526,music sampling,,0,
527,germany,,0,
528,google book settlement,,0,
529,patnets,,0,
530,Global Findability v. Summit Entertainment,,0,
531,nicolas cage,,0,
532,Rupert Murdoch,,0,
533,Social networking,,0,
534,Cleantech,,0,
535,china,,0,
536,information theory,,0,
537,communication theory,,0,
538,Qui Tam,,0,
539,False Marking,,0,
540,german constitutional court,,0,
541,data retention,,0,
542,EU law,,0,
543,ecj,,0,
544,keywords,,0,
545,future of news,,0,
546,Anti-trust,,0,
547,unfair competion,,0,
548,databases,,0,
549,state-owned banks,,0,
550,Case-Shiller,,0,
551,home mortgage relief,,0,
552,real estate,,0,
553,recession,,0,
554,TARP,,0,
555,credit crisis,,0,
556,Information Age Banks,,0,
557,consumerism,,0,
558,credit rating,,0,
559,FICO,,0,
560,borrowing,,0,
561,digital democracy,,0,
562,gpl,,0,
563,data protection,,0,
564,Free Speech,"Architecture and Public Policy, Copyright and Fair Use, Intermediary Liability",1,
565,Clementi,,0,
566,copyright levies,,0,
567,european court of justice,,0,
568,zohar efroni,,0,
569,harm,,0,
570,de Young Museum,,0,
571,Van Gogh,,0,
572,Cezanne,,0,
573,Gauguin,,0,
574,human enhancement,,0,
575,peace,,0,
576,ethics,,0,
577,Ryan Calo,,0,
578,donottrack,,0,
579,wikileaks,,0,
580,Robotics,Robotics,1,
581,licensing,,0,
582,google analytics,,0,
583,flickr,,0,
584,auctions,,0,
585,france,,0,
586,thumbnails,,0,
587,royalties,,0,
588,offshoring,,0,
589,consumer privacy,,0,
590,cyber regime change,,0,
591,cyber diplomacy,,0,
592,obama,,0,
593,john doerr,,0,
594,steve jobs,,0,
595,eric schmidt,,0,
596,robot,,0,
597,programming,,0,
598,law,,0,
599,risk,,0,
600,military,,0,
601,sex,,0,
602,rights,,0,
603,ssrc,,0,
604,India,,0,
605,Brazil,,0,
606,FAA,,0,
607,Transponders,,0,
608,freedom,,0,
609,sovereignty,,0,
610,Foucault,,0,
611,activism,,0,
612,Hacktivism,,0,
613,Anonymous,,0,
614,eCommerce,,0,
615,google books,,0,
616,class action,,0,
617,cars,,0,
618,privacy controls,,0,
619,andrew mclaughlin,,0,
620,tim wu,,0,
621,marvin ammori,,0,
622,Civic Commons,,0,
623,Government 2.0,,0,
624,Open Government,,0,
625,Nick Grossman,,0,
626,Omidyar Network,,0,
627,Personal Democracy Forum,,0,
628,PdF2011,,0,
629,avm,,0,
630,cybits,,0,
631,linux,,0,
632,Deep packet inspection,,0,
633,Do Not Track,Privacy,1,
634,#DoNotTrack,,0,
635,like,,0,
636,ECPA,,0,
637,iphone5,,0,
638,Online Contracts,,0,
639,e-commerce,,0,
640,artificial intelligence,,0,
641,AI,,0,
642,broadcasting,,0,
643,sports,,0,
644,competition law,,0,
645,pen trap,,0,
646,CSLI,,0,
647,Autonomous Driving,Robotics,1,
648,self-driving cars,,0,
649,Learn More,,0,
650,icons,,0,
651,privacy icons,,0,
652,design,,0,
653,privacy by design,,0,
654,Nevada,,0,
655,nylabone,,0,
656,intelligence,,0,
657,CIA,,0,
658,In-Q-Tel,,0,
659,psychology,,0,
660,responsibility,,0,
661,undefined,,0,
662,cyberlaw,,0,
663,kevin bankston,,0,
664,Internet Law,,0,
665,cyber-bullying,,0,
666,Cybersecurity,"Architecture and Public Policy, Copyright and Fair Use, Privacy",1,
667,Cyber Crime,,0,
668,privicons,,0,
669,Internet Regulation,,0,
670,Trade,,0,
671,SOPA Protect IP,"Architecture and Public Policy, Copyright and Fair Use, Intermediary Liability",1,
672,Internet Technology,,0,
673,Digital Media,,0,
674,Library Collections,,0,
675,Digital Evidence,,0,
676,Reputation,,0,
677,Florida,,0,
678,SOPA,,0,
679,PIPA,,0,
680,Hawaii,,0,
681,Arizona,,0,
682,Oklahoma,,0,
683,automated driving,,0,
684,infrastructure,,0,
685,Online Dispute Resolution,,0,
686,Dispute Resolution,,0,
687,Digital Libraries,,0,
688,constitutional law,,0,
689,tort law,,0,
690,Human Rights,,0,
691,criminal law,,0,
692,judicial reasoning,,0,
693,digital citizenship,,0,
694,Drones,"Privacy, Robotics",1,
695,Privacy. SOPA Protect IP,,0,
696,Cognitive Science and Creativity,,0,
697,tracking,,0,
698,freedom of information,,0,
699,social media,,0,
700,accountability,,0,
701,filesharing,,0,
702,Youth and Social Media,,0,
703,cyberattacks,,0,
704,Augmented Reality,,0,
705,elections,,0,
706,women's rights,,0,
707,men's rights,,0,
708,children's rights,,0,
709,veteran's rights,,0,
710,civil rights,,0,
711,LGBT,,0,
712,Geospatial Intelligence,,0,
713,Information Age Banking,,0,
714,ITU,,0,
715,International Telecommunications Union,,0,
716,mobile banking,,0,
717,Google Wallet,,0,
718,PayPal,,0,
719,mPesa,,0,
720,remittances,,0,
721,cyberhate,,0,
722,Securities Law,,0,
723,Civil Liberties,"Architecture and Public Policy, Intermediary Liability",1,
724,online banking,,0,
725,Patriot Act,,0,
726,safety,,0,
727,user experience,,0,
728,Twitter,,0,
729,Face Recognition Technology,,0,
730,mutual legal assistance,,0,
731,international law enforcement cooperation,,0,
732,copyright enforcement,,0,
733,copyright litigation,,0,
734,social norms,,0,
735,new technologies,,0,
736,Cyberwarfare,,0,
737,Internet Autonomy,,0,
738,online security,,0,
739,oversight,,0,
740,legislation,,0,
741,border,,0,
742,militarization,,0,
743,immigration,,0,
744,telecommunications,,0,
745,wireless,,0,
746,Corporate/Securities Law,,0,
747,Marketing Law,,0,
748,Information Security/ Cybersecurity,,0,
749,Corporate and Securities Law,,0,
750,Secured Transactions,,0,
751,Information Security,,0,
752,Corporate Law,,0,
753,Big Data,,0,
754,copyright and new technologies,,0,
755,Technology Policy,,0,
756,Technology and International Relations,,0,
757,Electronic Surveillance,,0,
758,Location Tracking,,0,
759,Network Investigations and Forensics,,0,
760,Transborder Government Investigations,,0,
761,First Sale Doctrine,,0,
762,Kim Dotcom,,0,
763,Weev,,0,
764,privacy government surveillance,,0,
765,konomark,,0,
766,HIPAA,,0,
767,18/01/2013,,0,
768,APPS Act,,0,
769,CISPA,,0,
770,Data,,0,
771,smartphones,,0,
772,firefox,,0,
773,architecture,,0,
774,online gambling,,0,
775,memes,,0,
776,remix,,0,
777,Google Glass,,0,
778,fracking,,0,
779,brain-computer privacy,,0,
780,Bouchat,,0,
781,3D printing,,0,
782,Product Liability,,0,
783,Tor,,0,
784,Lethal Autonomous Robots,,0,
785,Sarah Morris,,0,
786,Origami,,0,
787,Video Games,,0,
788,killer robots,,0,
789,cookie clearinghouse,,0,
790,NSA,,0,
791,Prism,,0,
792,license plate scanners,,0,
793,in-store tracking,,0,
794,self-regulation,,0,
795,privacy policies,,0,
796,patent trolls,,0,
797,mass surveillance,,0,
798,passwords,,0,
799,FISC,,0,
800,orphan works,,0,
801,History of Creativity,,0,
802,Open Access Publishing,,0,
803,robot ethics,,0,
804,digital-ad targeting,,0,
805,digital marketing,,0,
806,government,,0,
807,funding,,0,
808,online privacy,,0,
809,intermediary liability (tag),,0,
810,hate speech,,0,
811,future of privacy forum,,0,
812,ride sharing,,0,
813,Government Surveillance,,0,
814,Data Security,,0,
815,contracts,,0,
816,Beastie Boys,,0,
817,GoldiBlox,,0,
818,GoldieBlox,,0,
819,Trans Pacific Partnership Agreement,,0,
820,telecoms,,0,
821,online safety,,0,
822,free expression,,0,
823,bitcoin,,0,
824,TrustyCon,,0,
825,beyondpix,,0,
826,Snowden,,0,
827,PGP,,0,
828,public interest,,0,
829,Internet Law & Architecture,,0,
830,Collaborative Communities,,0,
831,Legal Information Design,,0,
832,Free Licenses,,0,
833,Internet of Things,,0,
834,Aereo,,0,
835,WILMap,,0,
836,cyber-espionage,,0,
837,Open Internet,,0,
838,Interfaith Organizing,,0,
839,Social Movements,,0,
840,Network Neutraity,,0,
841,State and Local Government,,0,
842,Cyber Intelligence,,0,
843,Homeland Security,,0,
844,Democracy,,0,
845,Scientific Data and Code Access,,0,
846,Data Science,,0,
847,Reproducible Research,,0,
848,Internet Governance,,0,
849,Comparative Privacy Rights,,0,
850,Data Privacy,,0,
851,Gender,,0,
852,Religion,,0,
853,Politics,,0,
854,counter-terrorism,,0,
855,Trust,,0,
856,Information Policy,,0,
857,Advertising,,0,
858,International Regulation,,0,
859,Intermediary copyright liability,,0,
860,Digital intellectual property enforcement,,0,
861,Litigation,,0,
862,General Corporate,,0,
863,Open Data,,0,
864,Liberation Technology,,0,
865,Tech Solutions for Atrocities Prevention,,0,
866,Identity,,0,
867,Future Studies and Law,,0,
868,Immigration Law and Policy,,0,
869,Criminal Justice Reform,,0,
870,Visual Advocacy,,0,
871,Police and surveillance technologies,,0,
872,DNA Databases,,0,
873,Surveillance art,,0,
874,content,,0,
875,commerce,,0,
876,compliance,,0,
877,Terrorism and Democracy,,0,
878,security surveillance-resistance,,0,
879,surveillance-resistance,,0,
880,Silk Road,,0,
881,Supercookies,,0,
882,intellectual privacy,,0,
883,International Trade,,0,
884,revenge porn,,0,
885,Cisco,,0,
886,Corporate Responsibility,,0,
887,Persecution,,0,
888,International Law,,0,
889,International Criminal Tribunals,,0,
890,Intermediary Liability,,0,
891,Public Policy,,0,
892,stingrays,,0,
893,ACLU v. Clapper,,0,
894,bulk collection,,0,
895,Mitch McConnell,,0,
896,Section 215,,0,
897,domestic surveillance,,0,
898,Rand Paul,,0,
899,Ron Wyden,,0,
900,Right to be Forgotten,,0,
901,online abuse,,0,
902,Freedom Act,,0,
903,Open Wireless,,0,
904,blackhat,,0,
905,wearable technology,,0,
906,CISA,,0,
907,censorship,,0,
908,ISIS,,0,
909,Greece,,0,
910,online harassment,,0,
911,Congress,,0,
912,facial recognition,,0,
913,online tracking,,0,
914,Hacking Team,,0,
915,Iran,,0,
916,Defend Trade Secrets Act,,0,
917,Police Body Cameras,,0,
918,Software Liability,,0,
919,law enforcement,,0,
920,Amazon,,0,
921,Robotic Surgery,,0,
922,Ashley Madison,,0,
923,Impact Team,,0,
924,ECHR,,0,
925,European Court of Human Rights,,0,
926,Consumer Protection,,0,
927,ad blocking,,0,
928,General Data Protection Regulation,,0,
929,GDPR,,0,
930,Schrems,,0,
931,crowdfunding,,0,
932,networked information economy,,0,
933,gift economy,,0,
934,War Crime,,0,
935,Crypto,,0,
936,Cryptography,,0,
937,Online Consumer Protection,,0,
938,All Writs Act,,0,
939,EDNY,,0,
940,Lawful Hacking,,0,
941,Data Breaches,,0,
942,Privacy Governance,,0,
943,markets,,0,
944,statistics,,0,
945,Wiretap Act,,0,
946,digital expression,,0,
947,International Criminal Court,,0,
948,Computer Security Theory,,0,
949,Metadata,,0,
950,Electronic Surveillance; MLAT; Cross-Border Data Transfer,,0,
951,MLAT,,0,
952,Cross-border Data Transfer,,0,
953,Zero Rating,,0,
954,Surveillance Evaluation,,0,
955,Driverless Cars,,0,
956,CALEA,,0,
957,Biometrics,,0,
958,Asia,,0,
959,Robot Law,,0,
960,Robot rights,,0,
961,International Criminal Law,,0,
962,Panama Papers,,0,
963,foreign surveillance,,0,
964,Going Dark,,0,
965,Compliance with Court Orders Act,,0,
966,CCOA,,0,
967,Digital Privacy,,0,
968,Bots,,0,
969,Chatbots,,0,
970,Privacy Shield,,0,
971,Automotive Safety,,0,
972,Internet Infrastructure Regulation,,0,
973,Sextortion,,0,
974,Fifth Amendment,,0,
975,Crypto Policy Project,,1,
976,Ransomware,,0,
977,online anti-semitism,,0,
978,end-to-end arguments principle,,0,
979,online threats,,0,
980,algorithms,,0,
981,Differential Privacy,,0,
982,Genocide,,0,
983,Crimes Against Humanity,,0,
984,Digital City,,0,
985,ISIL,,0,
986,deep learning,,0,
987,Internet Architecture,,0,
988,Online Communities,,0,
989,Information Design,,0,
990,Brexit,,0,
991,Tesla,,0,
992,Uber,,0,
993,Identity Theft,,0,
994,Device Encryption,,0,
995,foreign sovereign immunity,,0,
996,automation bias,,0,
997,Data Collection,,0,
998,Event Data Recorders,,0,
999,Sexting,,0,
1000,Malware,,0,
1001,Wiretapping,,0,
1002,DNA,,0,
1003,Turing Test,,0,
1004,WhatsApp,,0,
1005,Media Policy Advocacy,,0,
1006,Writing and Journalism,,0,
1007,Communications and Organizing Strategy,,0,
1008,Foreign Relations,,0,
1009,Rape Culture,,0,
1010,Section 702,,0,
1011,Rule 41,,0,
1012,BEREC,,0,
1013,Cyber Surveillance,,0,
1014,Syria,,0,
1015,Transportation Law,,0,
1016,Black Lives Matter,,0,
1017,Grassroots Activism,,0,
1018,Elections Policy,,0,
1019,Municipal and State Politics and Policy,,0,
1020,Social Change,,0,
1021,Geneva Conventions,,0,
1022,International Armed Conflict,,0,
1023,torture,,0,
1024,Blockchain Patents,,0,
1025,Instagram,,0,
1026,Warrantless Searches,,0,
1027,virtual reality,,0,
1028,Autonomous Weapons,,0,
1029,Information Science,,0,
1030,Standards,,0,
1031,Transportation,,0,
1032,Torts and Products Liability,,0,
1033,Liability,,0,
1034,Transport,,0,
1035,Government Hacking,,0,
1036,Signal,,0,
1037,American Spies,,0,
1038,Copyright Office,,0,
1039,Section 512,,0,
1040,Data Brokers,,0,
1041,Fake News,,0,
1042,Third Party Doctrine,,0,
